{
  "project_info": {
    "project_number": "544206606409",
    "firebase_url": "https://goldbin-c4571.firebaseio.com",
    "project_id": "goldbin-c4571",
    "storage_bucket": "goldbin-c4571.appspot.com"
  },
  "client": [
    {
      "client_info": {
        "mobilesdk_app_id": "1:544206606409:android:14160fce6d6dd75e",
        "android_client_info": {
          "package_name": "com.example.karan.goldbin2"
        }
      },
      "oauth_client": [
        {
          "client_id": "544206606409-pujivsujdjbvn3uveq0k6d2oj38631u8.apps.googleusercontent.com",
          "client_type": 3
        }
      ],
      "api_key": [
        {
          "current_key": "AIzaSyAnLTDWxma1uWuqIR4zpD5V0QaZssu4-Gs"
        }
      ],
      "services": {
        "analytics_service": {
          "status": 1
        },
        "appinvite_service": {
          "status": 1,
          "other_platform_oauth_client": []
        },
        "ads_service": {
          "status": 2
        }
      }
    },
    {
      "client_info": {
        "mobilesdk_app_id": "1:544206606409:android:bb4d0122bfb6066c",
        "android_client_info": {
          "package_name": "com.example.karan.goldenbinvendor"
        }
      },
      "oauth_client": [
        {
          "client_id": "544206606409-fa0f2otp455qnia000ro3pcea7g3qj2o.apps.googleusercontent.com",
          "client_type": 1,
          "android_info": {
            "package_name": "com.example.karan.goldenbinvendor",
            "certificate_hash": "ee94d3277ba68c217b75716495f51569432ce430"
          }
        },
        {
          "client_id": "544206606409-pujivsujdjbvn3uveq0k6d2oj38631u8.apps.googleusercontent.com",
          "client_type": 3
        }
      ],
      "api_key": [
        {
          "current_key": "AIzaSyAnLTDWxma1uWuqIR4zpD5V0QaZssu4-Gs"
        }
      ],
      "services": {
        "analytics_service": {
          "status": 1
        },
        "appinvite_service": {
          "status": 2,
          "other_platform_oauth_client": [
            {
              "client_id": "544206606409-pujivsujdjbvn3uveq0k6d2oj38631u8.apps.googleusercontent.com",
              "client_type": 3
            }
          ]
        },
        "ads_service": {
          "status": 2
        }
      }
    }
  ],
  "configuration_version": "1"
}